[
  {
    "value": "Pav Bhaji",
    "synonyms": [
      "Pav Bhaji",
      "Bhaji Pav"
    ]
  },
  {
    "value": "Chole Bhature",
    "synonyms": [
      "Chole Bhature",
      "Puri Chole",
      "Chole"
    ]
  },
  {
    "value": "Pizza",
    "synonyms": [
      "Pizza",
      "Piazzas",
      "Chesse Pizza"
    ]
  },
  {
    "value": "Mango Lassi",
    "synonyms": [
      "Mango Lassi",
      "aam lassi",
      "mango lasi",
      "mango yogurt"
    ]
  },
  {
    "value": "Masala Dosa",
    "synonyms": [
      "Masala Dosa",
      "Dosa",
      "Masale dosa"
    ]
  },
  {
    "value": "Vegetable Biryani",
    "synonyms": [
      "Vegetable Biryani",
      "Biryani",
      "Vegetable rice"
    ]
  },
  {
    "value": "Vada Pav",
    "synonyms": [
      "Vada Pav",
      "Pav Vada",
      "wada pao"
    ]
  },
  {
    "value": "Rava Dosa",
    "synonyms": [
      "Rava Dosa",
      "sooji dosa"
    ]
  },
  {
    "value": "samosa",
    "synonyms": [
      "samosa",
      "alo samosa",
      "singhara"
    ]
  }
]